Id;Question;choiceA;choiceB;choiceC;choiceD;Answer
1;Indonesia merupakan negara kepulauan yang terdiri atas 13.466 pulau. Pemerintahan harus memberikan perhatian kepada semua masyarakat yang berada di setiap penjuru tanah air terutama pulau-pulau terdepan. Inti uraian tersebut sesuai asas wawasan nusantara yaitu ...;Keadilan;Kejujuran;Kepentingan yang sama;Konsesus untuk menjadi satu bangsa;1
2;Indonesia merupakan negara yang dibentuk atas masyarakat plural. Untuk mencapai integrasi nasional semua masyarakat harus mengedepankan sikap tenggang rasa. Sikap tenggang rasa merupakan bentuk pelaksanaan asas wawasan nusantara yaitu …;Keadilan;Kejujuran;Solidaritas;Kerjasama;3
3;Kerjasama merupakan salah satu asas wawasan nusantara. Bentuk implementasi asas ini dalam kehidupan sehari-hari yaitu …;Rafa mengajak aping membaca di perpustakaan;Dimas meminjamkan Aba pensil saat ujian berlangsung;Lala dan suci bekerjasama mengerjakan soal ujian sekolah;Pangeran dan rifat mengerjakan tugas kelompok;4
4;Wawasan nusantara mengajarkan kepada bangsa indonesia mengenal diri dan lingkungan yang beragam. Dengan mengenal diri dan lingkungannya diharapkan bangsa indonseia bisa memperkukuh …;Persatuan dan kesatuan bangsa;Kepentingan golongan masing-masing;Kepentingan setiap individu warga negara;Keinginan dan memperluas wilayah negara Indonesia;1
5;Wujud Pelaksanaan wadah dalam konsep wawasan nusantara yaitu …;Pertanggungjawaban Presiden terhadap rakyat; Pengangkatan mentri-mentri oleh Presiden;Pembentukan mahkama konstitusi; Pemilihan Presiden secara langsung;3
6;"Kata ""wawasan"" berarti wawas yang artinya …";Menciptakan;Memandang;Merefleksi;Memiliki;2
7;Sikap yang harus dikembangkan oleh bangsa Indonesia ditengah keanekaragaman bangsa yaitu …;Memandang keanekaragaman yang dilandasi persatuan dan kesatuan bangsa;Mengikuti ajaran wawasan nusantara untuk menciptakan bangsa yang lebih homogen;Mengutamakan kepentingan pemerintah daripada kepentingan masyarakat yang beragam;Mengupayakan agar bangsa Indonesia lebih homogen untuk memperkukuh persatuan dan kesatuan bangsa;1
8;Pancasila merupakan ideologi negara Indonesia, nilai-nilai yang terdapat dalam setiap sila mencerminkan kehidupan sosial bangsa Indonesia. Dalam konsep wawasan nusantara, Pancasila mempunyai kedudukan sebagai landasan …;Adil;Visional;Konseptual;Operasional;1
9;Keberagaman Indonesia merupakan bagian dari kebhinekaan bangsa Indonesia. Bagi bangsa Indonesia kebhinekaan merupakan jaminan terwujudnya persatuan dan kesatuan. Gagasan untuk menjamin persatuan dan kesatuan dalam kebhinekaan merupakan …;Konsep bangsa Indonesia untuk memperkuat kedudukan sebagai bangsa majemuk; Landasan konseptual bangsa Indonesia dalam melihat diri dan alam Indonesia; Cara hidup bangsa Indonesia untuk mempertahankan kemerdekaan Indonesia;Visi Indonesia untuk mewujudkan bangsa dan negara yang maju;4
10;Wawasan nusantara diyakini kebenarannya oleh bangsa Indonesia. Alasan bangsa Indonesia meyakini kebenaran nusantara yaitu …; Supaya bangsa Indonesia lebih memahami karakteristik alam Indonesia; Agar tidak terjadi penyesatan dalam upaya mewujudkan cita-cita dan tujuan nasional; Untuk meningkatkan kemampuan daya dukung bangsa Indonesia dalam merespon berbagai ancaman;Membantu bangsa Indonesia mewujudkan tata pemerintahan yang ideal berdasarkan kehendak rakyat Indonesia;1
11;Jika dikaitkan dengan wawasan nusantara pelaksanaan pembangunan Indonesia harus sesuai dengan …; Jumlah alokasi dana yang dimiliki negara untuk pembangunan; Landasan-landasan konsepsi ketatanegaraan Indonesia;Keinginan warga negara Indonesia ditiap-tiap daerah; Wilayah negara Indonesia yang berbukit-bukit;1
12;Wawasan nusantara berfungsi sebagai pedoman bangsa Indonesia untuk …;Berperilaku sesuai nilai-nilai pancasila; Menciptakan tata negara yang baik;Menumbuhkan semangat memperluas wilayah negara;Bersikap seusai asas-asas kedaerahan masing-masing;1
13;Melalui wawasan nusantara diharapkan warga negara Indonesia …; Mampu menciptakan pandangan baru bagi dunia;Mendukung pemerintah dalam semua perjanjian Internasional;Mewujudkan cita-cita meraih kemerdekaan;Mempunyai pandangan yang sama tentang persatuan dan kesatuan;4
14;Didalam negara adanya warga negara yang memiliki … atas warga negara tersebut;Kekuasaan;Kewajiban;Hak dan Kewajiban;Kedaulatan;3
15;Salah satu kewajiban warga negara terhadap negaranya adalah …;Memiliki kedudukan yang sama dimata hukum dan didalam pemerintahan;Mempertahankan wilayah negara kesatuan Indonesia/NKRI dari serangan musuh; Mendapatkan pekerjaan yang layak;Kemerdekaan berserikat, berkumpul, mengeluarkan pendapat secara lisan dan tulisan sesuai dengan undang-undang yang berlaku;2
16;Sikap warga negara Indonesia yang telah mempelajari wawasan nusantara tercermin dalam tindakan …;Selalu mengagung-agungkan kebudayaan daerah tempat tinggal; Merasa rendah hati sebagai warga negara Indonesia; Menutup diri dari pergaulan dunia internasional;Bangga menjadi bagian dari negara Indonesia;4
17;Hal yang tidak mungkin dilakukan warga negara Indonesia yang telah dipelajari wawasan nusantara adalah …;Mencela kebudayaan daerah-daerah lain;Memuji keanekaragaman suku bangsa Indonesia ke dunia;Memperkenalkan keanekaragaman Indonesia kepada dunia;Menciptakan keharmonisan dalam hubungan antar masyarakat;1
18;Indonesia merupakan negara kepulauan yang memiliki batas wilayah antar dua samudra dan dua benua yaitu …;Benua asia dan benua afrika;Benua australia dan benua asia;Benua afrika dan benua amerika; Samudra hindia dan Samudra atlantik;2
19;Salah satu faktor yang mempengaruhi ketahanan nasional yaitu komposisi penduduk, komposisi penduduk merupakan susunan penduduk berdasarkan …;Jenis kelamin, pendidikan, dan lapangan kerja; Usia, jenis kelamin, dan lapangan kerja;Mobilitas, natalitas dan mortalitas; Mortalitas, fertilitas dan migrasi;3
20;Cinta tanah air dan bangsa merupakan perwujudan upaya pembelaan negara. Salah saut upaya bela negara berdasarkan rasa cinta tanah air ialah …;Menggunakan produk dalam negeri karena dapat menggerakan roda perekonomian; Lebih baik membeli barang luar negeri daripada membuat sendiri;Menganggap derajat bangsanya paling unggul dibandingkan negara lain;Lebih baik mengasingkan diri bangsa lain daripada meniru budaya bangsa lain;1
21;yang dimaksud dengan hakikat wawasan nusantara yaitu ...; Cara pandang utuh dalam lingkup nusantara demi nasional;Berbeda-beda tapi tetap satu; Mementingkan golongan pribadi daripada bangsa;Menganggap bangsa sendiri lebih baik daripada bangsa lain;1
22;Keberagaman harus membentuk masyarakat Indonesia yang memiliki toleransi dan sikap saling menghargai. Oleh karena itu diperlukan adanya …; Komitmen persatuan bangsa dalam keberagaman; Komitmen untuk membangun daerahnya masing-masing; Komitmen untuk mensejahterakan rakyat di daerah tertinggal;Komitmen untuk memajukan daerhanya dalam bingkai persatuan;1
23;Persatuan dalam keberagaman harus dipahami oleh setiap warga masyarakat agar dapat mewujudkan hal hal berikut ini, kecuali …; Pembangunan berjalan lancar;Pergaulan antar sesama yang lebih akrab;Kehidupan yang serasi, selaras, dan seimbang;Terbentuknya satu masyarakat yang sama ras, agama, suku dan bahasa;4
24;Persatuan dan kesatuan bangsa sangat penting bagi bangsa Indonesia, hal itu karena …; Bangsa Indonesia adalah bangsa yang toleransi; Bangsa Indonesia adalah bangsa yang beragam;Bangsa Indonesia memiliki semboyan Bhinneka Tunggal Ika; Dengan persatuan dan kesatuan bangsa Indonesia yang majemuk akan menjadi kokoh dan kuat;4
25;Hakikat wawasan nusantara adalah …; Kesatuan dan keutuhan TNI dan Polri;Kesatuan rakyat dan pemerintah;Keutuhan nusantara yang meliputi Darat, Laut dan Udara; Keutuhan nusantara yang menyeluruh dalam lingkup nusantara demi kepentingan nasional;4
26;Secara Etimologis, wawasan nusantara berasal dari kata wawasan dan nusantara. Wawasan berasal dari kata wawas yang berarti melihat atau memandang. Kata “wawas” diambil dari bahasa...;Sunda;Lampung;Jawa;Melayu;3
27; Indonesia biasa disebut dengan kata “nusantara”. Maka, nusantara adalah kesatuan kepulauan yang terletak antara dua benua, yaitu...;Asia dan Australia;Asia dan Amerika;Asia dan Afrika;Amerika dan Australia;1
28;Secara Geografis, Indonesia terletak diantara dua samudera, yaitu...;Samudra Hindia dan Selatan;Samudra Hindia dan Pasifik;Samudra Pasifik dan Atlantik;Samudra Atlantik dan Selatan;1
29;Wawasan nusantara adalah cara pandang bangsa indonesia mengenai diri dan tanah airnya sebagai Negara kepulauan dengan semua aspek kehidupan beragam. Pengertian wawasan nusantara diatas merupakan pendapat dari...;GBHN 1998;Samsul Wahidin;Kelompok Kerja LEMHANAS;Prof. Wan Usman;4
30;Wawasan nusantara dalam strata nasional berkedudukan sebagai...;Landasan Misional;Landasan Visional;Landasan Harapan bangsa;Landasan Cita-Cita bangsa;2
31;Untuk pertama kalinya wawasan nusantara dan ketahanan nasional dimuat didalam...;Pancasila;UUD 1945;Tap No V/MPR/1973;Kelompok Kerja LEMHANAS;3
32; Wawasan nusantara berfungsi sebagai pedoman, motivasi, dorongan dan rambu-rambu dalam...;Menentukan arah dan tujuan negara dalam berhubungan dengan negara lain;Menentukan segala kebijakan yang berhubungan dengan penentuan politik luar negeri;Menentukan segala kebijakan yang berkaitan dengan bidang politik dan sosial budaya;Menentukan segala kebijakan, keputusan, tindakan dan perbuatan bagi penyelenggaraan negara di pusat dan daerah;4
33;Persatuan dalam keberagaman harus dipahami oleh setiap warga masyarakat agar dapat mewujudkan hal-hal berikut ini, kecuali...;Terbentuknya satu masyarakat yang sama ras, agama, suku dan bahasa;Kehidupan yang serasi, selaras dan seimbang;Perbedaan yang ada tidak menjadi sumber masalah;Pergaulan antar sesama yang lebih akrab;1
34;Pada hakikatnya wawasan nusantara adalah cara pandang bangsa Indonesia terhadap diri dan lingkungannya berdasarkan pancasila dan UUD NRI tahun 1945. Dengan demikian fungsi wawasan nusantara adalah...;Mewujudkan nasionalisme yang tinggi disegala aspek kehidupan rakyat Indonesia yang lebih mengutamkan kepentingan nasional daripada kepentingan individu, kelompok, golongan, suku bangsa dan daerah;Pedoman, motivasi, dorongan serta rambu-rambu dalam menentukan segala kebijakan, keputusan, tindakan dan perbuatan bagi penyelenggara negara ditingkat pusat dan daerah bagi seluruh rakyat Indonesia dalam kehidupan bermasyarakat, berbangsa dan bernegara;Pedoman untuk mengadakan hubungan antarbangsa berlandaskan persamaan kedudukan sebagai bangsa yang merdeka dan berdaulat;Mewujudkan bangsa Indonesia yang maju dan sejahtera berdasarkan Pancasila dan UUD Negara RI Tahun 1945;2
35;Kedudukan wawasan nusantara adalah...;Wawasan nusantara adalah pedoman untuk mengadakan hubungan antarbangsa berlandaskan persamaan kedudukan sebagai bangsa yang merdeka dan berdaulat;Wawasan nusantara adalah pedoman, motivasi, dorongan serta rambu-rambu dalam menentukan segala kebijakan, keputusan, tindakan dan perbuatan bagi penyelenggara negara ditingkat pusat dan daerah bagi seluruh rakyat Indonesia dalam kehidupan bermasyarakat, berbangsa dan bernegara;Wawasan nusantara adalah untuk mewujudkan nasionalisme yang tinggi di segala aspek kehidupan rakyat Indonesia yang lebih mengutamakan kepentingan nasional daripada kepentingan individu, kelompok golongan, suku, bangsa atau daerah.;Wawasan nusantara adalah sebagai ajaran yang diyakini kebenarannya oleh seluruh rakyat Indonesia agar tidak terjadi penyesatan atau penyimpangan dalam upaya mewujudkan cita-cita dan tujuan nasional. Wawasan nusantara berkedudukan sebagai visi bangsa.;4
36;Wawasan idiil wawasan nusantara adalah...;Pancasila;UUD 1945 ;Nasionalisme;Tap No V/MPR/1973;1
37;Wawasan nusantara adalah untuk mewujudkan nasionalisme yang tinggi di segala aspek kehidupan rakyat Indonesia yang lebih mengutamakan kepentingan nasional daripada kepentingan individu, kelompok golongan, suku, bangsa atau daerah, merupakan suatu...;Fungsi wawasan nusantara;Kedudukan wawasan nusantara;Tujuan wawasan nusantara;Prinsip wawasan nusantara;3
38;Wawasan nusantara sebagai wawasan nasional Indonesia dalam paradigm nasional disebut...;Landasan konstitusional;Landasan visional;Landasan misional;Landasan harapan bangsa;1
39;Contoh perilaku di kalangan pelajar yang diakibatkan oleh rendahnya semangat kebangsaan adalah...;Tidak giat dalam belajar;Tawuran antar sekolah;Bentrokan antar suku, agama, ras dan budaya;Saling memaki dan menjelekkan suatu golongan;2
40;Konsepsi wawasan nusantara aspirasinya dalam semboyan Bhinneka Tunggal Ika, hal ini merupakan lahirnya istilah konsep wawasan nusantara dari segi...;Nama;Perumusan dan Penetapan ;Perumusan dan Penjabaran;Ide, Gagasan, dan Cita-cita;4
41;Wawasan Nusantara terdiri dari, kecuali...;Perwujudan Kepulauan Nusantara sebagai Satu Kesatuan Sosial dan Budaya;Perwujudan Kepulauan Nusantara sebagai Satu Kesatuan Politik;Mengutamakan persatuan dan kesatuan wilayah dalam penyelenggaraan kehidupan Bermasyarakat, berbangsa, bernegara;Perwujudan Kepulauan Nusantara sebagai satu Kesatuan Ekonomi;3
42;Pada hakikatnya wawasan Nusantara adalah cara pandang bangsa Indonesia terhadap diri dan lingkungannya berdasarkan Pancasila dan UUD NRI Tahun 1945. Dengan demikian implementasi wawasan Nusantara dalam kehidupan politik akan menciptakan...;Iklim penyelenggaraan negara yang sehat dan dinamis;Tatanan ekonomi yang benar-benar menjamin pemenuhan dan peningkatan kesejahteraan dan kemakmuran rakyat secara adil dan merata;Sikap batiniah dan lahiriah yang mengakui, menerima dan menghormati segala bentuk perbedaan dan kebhinnekaan sebagai kenyataan hidup sebagai karunia Sang Pencipta;Kesadaran cinta tanah air dan bangsa yang lebih lanjut akan membentuk sikap bela Negara pada setiap warga negara Indonesia;1
43;Di dalam negara adanya warga negara yang memiliki ........ atas warga negara tersebut.;Kekuasaan;Hak dan Kewajiban;Kedaulatan;Kebebasan;2
44;Sistem pembinaan budi pekerti masyarakat bangsa merupakan salah satu cerminan dari wawasan nasional yaitu...;Tata Negara;Tata Hukum;Tata Budaya;Tata Ekonomi;3
45;Negara yang wilayahnya dapat diapit oleh dua negara besar atau adikuasa sehingga terjadi pengaruh  politik atas kebijakan kedua negara adikuasa itu disebut negara...;Daratan;Kepulauan;Posibilitis;Determinis;4
46;Hakikat wawasan nusantara adalah...;Kesatuan aspek politik dan aspek budaya;Kesatuan rakyat dan pemerintah;Keutuhan nusantara yang menyeluruh dalam lingkup nusantara demi kepentingan nasional;Keutuhan nusantara yang meliputi wilayah darat, laut dan udara;3
47;Persatuan dalam keberagaman harus dipahami oleh setiap warga masyarakat agar dapat mewujudkan hal mewujudkan hal-hal berikut ini, kecuali...;Terbentuknya satu masyarakat yang sama ras, agama, suku dan bahasa;Pembangunan berjalan lancar;Perbedaan yang ada tidak menjadi sumber masalah;Kehidupan yang serasi, selaras dan seimbang;1
48;Sikap positif pelajar yang menunjukkan semangat kebangsaan di lingkungan sekolah...;Malas belajar;Senang tawuran;Giat belajar;Bertengkar dilingkungan sekolah;3
49;Seseorang memperoleh kewarganegaraannya berdasarkan negara tempat di mana dia dilahirkan, meskipun orang tuanya bukan warga negara dari negara tersebut disebut...;Kewarganegaraan;Ius Soli;Ius Sanguinis;Domisili;2
50;Azas wawasan Nusantara yang menyatakan bahwa adanya kesesuaian pembagian hasil dengan adil jerih payah dan kegiatan baik perorangan, golongan, kelompok maupun daerah adalah...;Keadilan;Kejujuran;Kebebasan;Solidaritas;1
51;Wawasan Nusantara adalah cara pandang dan sikap bangsa Indonesia terhadap diri dan lingkungannya dengan mengutamakan persatuan dan kesatuan bangsa serta kesatuan wilayah dalam penyelenggaraan kehidupan bermasyarakat, berbangsa dan bernegara. Wawasan Nusantara adalah wawasan nasional yang bersumber pada…;Pancasila dan UUD Negara RI tahun 1945;Pancasila dan Peraturan Presiden;Pancasila dan Tap MPR;Pancasila dan Bhineka Tunggal Ika;1
52;Konsepsi wawasan nusantara merupakan suatu konsep di dalam cara pandang dan pengaturan yang mencakup segenap kehidupan bangsa yang dinamakan?;Trigatra;Pancagatra;Astagatra;Astaindera;3
53;Pancagatra merupakan aspek sosial kemasyarakatan terdiri dari, kecuali;Ideologi;Geografis negara;Sosial Budaya;Ekonomi, Politik;2
54;Salah satu aspek trigatra yaitu letak dan bentuk geografis. Jikalau kita melihat letak geografis wilayah Indonesia dalam peta dunia, maka akan nampak jelas bahwa wilayah negara tersebut merupakan suatu kepulauan, yang menurut wujud ke dalam, terdiri dari daerah air dengan ribuan pulau-pulau di dalamnya. Letak Indonesia secara astronomis yaitu?;6 LU–11 LS, 95 BT–141 BT;7 LU–11 LS, 90 BT–142 BT;5 LU–10 LS, 95 BT–141 BT;6 LU–11 LS, 90 BT–142 BT;1
55;Aspek-aspek trigatra salah satunya meliputi keadaan dan kemampuan penduduk. Di dalam keadaan dan kemampuan penduduk terdapat beberapa faktor yang mempengaruhi ketahaan nasional kecuali…;faktor yang mempengaruhi jumlah penduduk;Faktor yang mempengaruhi komposisi penduduk;Faktor yang mempengaruhi distribusi penduduk;faktor yang mempengaruhi sandang pangan penduduk;4
56;Keadaan dan kekayaan alam merupakan aspek yang ada di dalam trigatra. Sumber daya alam harus diolah atau dimanfaatkan dengan berprinsip pada asas apa saja?;Asas maksimal, asas lestari, asas efektif;asas maksimal, asas lestari, asas berdaya saing;asas maksimal, asas maksimal, asas berdaya saing;asas minimum, asas lestari, asas berdaya saing;2
57;Apa pengertian asas maksimal ?;Artinya sumber daya alam yang dikelola atau dimanfaatkan harus benar-benar menciptakan kemakmuran dan kesejahteraan rakyat;sumber daya alam yang di manfaatkan untuk kepentingan semua;Artinya rakyat dan pemerintah bekerja sama menciptakan asas maksimal;Artinya sumber daya alam yang dikelola atau dimanfaatkan harus benar-benar ;1
58;Pengolahan sumber daya alam tidak boleh menimbulkan kerusakan lingkungan, menjaga keseimbangan alam merupakan pengertian dari?;Asas berdaya saing;Asas minimum;Asas maksimum;asas lestari;4
59;Asas berdaya saing artinya bahwa hasil hasil sumber daya alam harus bisa bersaing dengan sumber daya alam negara lain. Sebutkan contoh yang bisa digunakan sebagai sumber daya alam yang bisa bersaing dengan sumber daya alam negara lain…;Borobudur;Pohon Jati;Batik;Barung;3
60;aspek-aspek kehidupan nasional yang menyangkut kehidupan dan pergaulan hidup manusia dalam bermasyarakat dan bernegara dengan ikatan-ikatan, aturan-aturan dan norma-norma tertentu. Merupakan pengertian dari?;Astagatra;Pancagatra;Trigatra;Dwigatra;2
61;Pengertian dari Ideologi, kecuali….;Ideologi suatu negara diartikan sebagai  guiding of principles atau prinsip yang dijadikan dasar suatu bangsa.;Ideologi adalah pengetahuan dasar atau cita-cita dan Ideologi merupakan konsep yang mendalam mengenai kehidupan yang dicita-citakan serta yang ingin diiperjuangkan dalam kehidupan nyata.;Ideologi adalah ide dan gagasan pengetahuan yang bersangkutan pada hakikat pemerintah dan rakyat;Ideologi dapat dijabarkan ke dalam sistem nilai kehidupan, yaitu serangkaian nilai yang tersusun secara sistematis dan merupakan kebulatan ajaran dan doktrin.;3
62;Dalam strategi pembinaan ideology, berikut adalah beberapa prinsip yang harus diperhatikan, kecuali…;Ideologi sebagai perekat pemersatu harus ditanamkan pada seluruh WNI.;Ideologi harus dijadikan panglima, bukan sebaliknya.;Ideologi harus dibuat singkron untuk penguasa dan warga negara;Aktualisasi ideologi dikembangkan kearah keterbukaan dan kedinamisan;3
63;Ideologi yang mengakui keaneragaman dalam hidup berbangsa dan dijadikan alat untuk menyejahterakan dan mempersatukan masyarakat adalah…;UUD 1945;Pancasila dan Peraturan Presiden;Bhineka Tunggal Ika;Tap MPR;2
64;Kalangan elit eksekutif, legislatif, dan yudikatif harus harus mewujudkan cita-cita bangsa dengan melaksanakan GBHN dengan mengedepankan kepentingan siapa?;Bangsa;Pemerintah;Penguasa;Rakyat kecil;1
65;Menyosialisasikan Pancasila sebagai ideologi humanis, relijius, demokratis, nasionalis, dan berkeadilan. Menumbuhkan sikap positif terhadap warga negara dengan meningkatkan motivasi untuk mewujudkan…;cita-cita Bangsa;Kepentingan bersama;kesejahteraan penguasa;perlindungan yang adil;1
66;Politik diartikan sebagai asas, haluan, atau kebijaksanaan yang digunakan untuk mencapai tujuan dan kekuasaan. Kehidupan politik dapat dibagi kedalam dua sektor yaitu?;minimum dan maksimum;faktor input, faktor proses, faktor output;faktor masyarakat dan pemerintah;faktor input dan pemerintah;3
67;Kegiatan ekonomi adalah seluruh kegiatan pemerintah dan masyarakat dalam mengelola faktor produksi dan distribusi barang dan jasa untuk  kesejahteraan rakyat. Ekonomi kerakyatan harus menghindari, kecuali;free fight liberalism;etatisme;tidak dibenarkan adanya monopoli;oligarki;4
68;Sosial budaya dapat diartikan sebagai kondisi dinamik budaya bangsa yang berisi keuletan untuk mengembangkan kekuatan nasional dalam menghadapi dan mengatasi…;ancaman, tantangan, ideologi, kesetaraan;kedaulatan dan ideology, halangan, gangguan;pengadilan dan kesetaraan, gangguan, tantangan;ancaman, tantangan, halangan dan gangguan;4
69;Gangguan dapat datang dari dalam maupun dari luar, baik secara langsung maupun tidak langsung, yang membahayakan kelangsungan hidup sosial NKRI berdasarkan Pancasila dan UUD 1945. Esensi ketahanan budaya adalah;ketahanan budaya yang relevan bagi kehidupan sosial;pengaturan dan penyelenggaraan kehidupan sosial budaya;pengaturan bagi kehidupan sosial masyarakat;kehidupan yang berlandaskan ekuitas pada masyarakat;2
70;Pertahanan dan keamanan diartikan sebagai kondisi dinamika dalam kehidupan pertahanan dan keamanan bangsa Indonesia yang berisi keuletan dan ketangguhan yang mengandung kemampuan mengembangkan kekuatan nasional dalam menghadapi dan mengatasi ATHG yang membahayakan….;identitas, integritas, dan kelangsungan hidup bangsa berdasarkan Pancasila dn UUD 1945;ideologi, keselamatan, kelangsungan hidup, keadilan, kekuasaan bagi penguasa;organisasi masyarakat, keselamatan umat beragama, dan kesuksesan rakyat;kewarganegaraan bagi rakyat, hak dan kewajiban bagi setiap warga negara;1
71;Prinsip-prinsip Sistem Ketahanan Nasional antara lain adalah sebagai berikut, kecuali…;Bangsa Indonesia cinta damai tetapi lebih cinta kemerdekaan.;Pertahanan keamanan berlandasan pada landasan ideal Pancasila, landasan konstitusional UUD 1945, dan landasan visional wawasan nusantara.;Perdamaian dan keamanan negara dijamin oleh negara global;Pertahanan keamanan negara merupakan upaya terpadu yang melibatkan segenap potensi dan kekuatan nasional.;3
72;Antara trigatra dan pancagatra serta antargatra itu sendiri terdapat hubungan timbal balik yang erat yang dinamakan…;timbal balik sementara;maksimum dan minimum;fleksibel dan relevan;korelasi dan interdependensi;4
73;Ketahanan nasional pada hakikatnya bergantung kepada kemampuan bangsa dan negara di dalam mendayagunakan secara optimal gatra alamiah sebagai modal dasar untuk penciptaan kondisi dinamis yang merupakan kekuatan untuk ?;trigatra;Pancagatra;Astagatra;Dwigatra;2
74;Ketahanan nasional Indonesia bukan merupakan suatu penjumlahan ketahanan segenap gatranya, melainkan suatu resultante keterkaitan yang integratif dari kondisi-kondisi dinamik kehidupan bangsa di bidang-bidang apa saja?;ideologi, politik, ekonomi, sosial budaya, pertahanan dan keamanan;geografi, politik, sosial ekonomi, pertahanan dan keamanan;ideologi, geografi, politik, ekonomi, sosial budaya;pertahanan dan keamanan, multicultural, politik dan ekonomi;1
75;Hubungan antar gatra dalam pancagatra setiap gatra dalam Pancagatra memberikan kontribusi tertentu pada gatra-gatra lain dan sebaliknya setiap gatra menerima kontribusi dari gatra-gatra lain secara terintegrasi, berikut adalah contohnya, kecuali…;Antara gatra ideologi dengan gatra politik, ekonomi, sosial budaya, pertahanan dan keamanan, maka arti ideologi adalah sebagai falsafah bangsa dan landasan ideologi negara. Selain itu ideologi merupakan nilai penentu bagi kehidupan nasional yang meliputi seluruh gatra dalam pancagatra dalam memelihara kelangsungan hidup bangsa dan pencapaian tujuan nasional;"Antara gatra politik dengan gatra ideologi, ekonomi, sosial budaya, pertahanan dan keamanan; berarti kehidupan politik yang mantap dan dinamis menjalankan kebenaran ideologi, memberikan iklim yang kondusif untuk pengembangan ekonomi, sosial budaya, pertahanan dan keamanan.";Antara gatra geografi dengan gatra ideologi, ekonomi, sosial budaya, pertahanan dan keamanan, maka arti geografi adalah sebagai falsafah bangsa dan landasan ideologi negara. Dan dijadikan sebagai dasar dari letak wilayah suatu negara.;"Antara gatra ekonomi dengan gatra ideologi, ekonomi, sosial budaya, pertahanan dan keamanan; berarti kehidupan ekonomi yang tumbuh mantap dan merata, akan menyakinkan kebenaran ideologi yang dianut, mendinamisir kehidupan politik dan perkembangan sosial budaya serta mendukung pengembangan pertahanan dan keamanan. Keadaan ekonomi yang stabil, maju dan merata menunjang stabilitas dan peningkatan ketahanan aspek lain.";3
76;Untuk membangun bangsah Indonesia yang berwawasan nusantara, maka wawasan nusantara harus dijadikan sebagai…;Gaya hidup bagi  warga negara Indonesia;Menghargai perbedaan bagi setiap warga negara Indonesia;Arahan, pedoman, acuan, dan tuntutan bagi setiap warga negara Indonesia;Semboyan dan kebanggaan bagi setiap warga negara Indonesia;3
77;Wujud implementasi wawasan nusatara oleh setiap warga negara Indonesia tercemin pada…;Pola pikir, sikap, dan tindak yang mendahulukan kepentingan pribadi atau golongan dari pada kepentingan bangsa;Pola sikap, pola prilaku, dan pola bahasa berkomunikasi dengan warga negara lain;Pola sikap, pola prilaku, dan pola bahasa berkomunikasi dengan orang lain;Pola pikir, sikap, dan tindak yang mendahulukan kepentingan bangsa dari pada kepentingan pribadi atau golongan;4
78;Bagaimana orentasi implementasi wawasan nusantara dalam kehidupan berbangsa dan bernegara…;Berorientasi pada kepentingan negara saja;Berorientasi pada kepentingan negara Indonesia dan negara Asing;Berorietasi pada kepentingan masyarakat lokal dan nasional;Berorientasi pada kepentingan rakyat dan wilayah tanah air secara utuh dan menyeluruh;4
79;Wawasan kesadaran berbangsa dan bernegara untuk membela negara diwujudkan melalui….;Kepentingan keluarga;Kepentingan pribadi;Cinta tanah air;Kepentingan golongan ;3
80;Bagaimana peranan wawasan nusantara dalam kehidupan ekonomi dapat menciptakan….;Kemiskinan;Semboyan hidup;Kesejahteraan dan kemakmuran;Mewujudkan kekayaan;3
81;Peningkatan kesejahteraan dan kemakmuran rakyat secara merata dan adil merupakan perwujudan wawasan dalam bidang…;Politik dan psikologi;Sosial dan industri;Budaya ;Ekonomi;4
82;Wawasan nusantara dalam kehidupan politik dapat menciptakan iklim….;Kebersamaan ;Kekeluargaan ;Sehat dan dinamis;Kerukunan dan harmonis;3
83;Perwujutan pemerintahan yang kuat, aspiratif, dan terpercaya dapat dibangun melalui….;Pembangunan politik yang sehat dan dinamis;Membiarkan berjalan dengan sendiri;Kerjasama dan kerja kelompok;Tanggungjawab masing-masing pribadi;1
84;Bagaimana wujud implementasi wawasan nusantara dalam kehidupan sosial budaya….;Sabar dan penyanyang;Selalu bersyukur;Sikap batinia dan lahiria;Menghargai perbedaan;3
85;Bentuk kehidupan sosial dan budaya warga negara dapat tercermin melalui….;Ekonomi ;Sosial dan budaya;Politik dan pertahanan;Bhineka tunggal ika;4
86;Kehidupan masyarakat yang rukun dan bersatu tanpa membedakan suku, asal usul, daerah, agama merupakan implementasi dari...;Sosial ekonomi;Sosial budaya;politik dan ekonomi;Agama ;2
87;Warga negara mencintai tanah air merupakan perwujudan wawasan nusantara dalam bentuk….;Ekonomi ; Politik ;Sosial budaya;Pertahanan dan keamanan;4
88;Partisipasi setiap warga negara Indonesia dalam menanggapi segala bentuk ancaman terhadap bangsa melalui….;Pertahanan dan keamanan;Melaporkan kepada polisi;Melaporkan kepada pak lurah;Tidak memperdulikan;1
89;Sikap toleran, akrab, peduli, hormat, dan taat hukum merupakan wawasan nusantara melalui aspek….;Aspek peduli lingkungan;Aspek kehidupan nasional;Aspek peduli sekolah;Aspek peduli diri sendiri;2
90;Semangat kebangsaan dan rasa nasionalisme warga negara merupakan bentuk….;Identitas atau jati diri;Jati diri dan sikap;Prilaku dan tindakan;Menghargai sesama;1
91;Keberhasilan implementasi Negara Kesatuan Republik Indonesia tercermi melalui….;Sikap dan prilaku;Saling menghargai ;Hati nurani ;Gotong royong;3
92;Setiap warga negara Indonesia dan sadar bermasyarakat, berbangsa, dan bernegara diperlukan pendekatan….;Program yang teratur dan terjadwal;Terukur dan terorganisir;Tertata dan terencana;Terluar dan terbelakang;1
93;Bagaimana peran serta dalam mewujudkan asas-asas wawasan nusantara….; Memerlukan kesamaan pola pikir, sikap, dan tindakan;Keberanian, ketekunan, dan disiplin;Disiplin dan berkerja keras;Rajin beribadah;1
94;Seperti apa bentuk partisipasi siswa dalam mendukung asas wawasan nusantara….;Menjaga kebersihan lingkungan sekolah;Melakukan protes terhadap pemerintah;Mendukung persatuan;Menyibukan diri dengan kepentingan pribadi;3
95;Sebagai siswa yang paham terhadap wawasan nusantara, bagaimanakah sikap anda ketika dihadapkan dengan ancaman terhadap negara…;Mementingkan kepentingan teman;Mementingkan kepentingan keluarga;Mengutamakan kepentingan bersama;Melakukan bela negara;4
96;Ketikan negara terancam oleh pengaruh budaya dari luar, sebagai siswa yang paham wawasan nusantara tindakan apa yang anda lakukan…;Menerima semua dari budaya luar;Menolak semua budaya dari luar;Membiarkan saja;Mengambil yang positif dan menolak yang negatif;4
97;Bagaimana peran siswa dalam mewujudkan wawasan nusantara dengan perkembangan globalisasi….;Meningkatkan ilmu pengetahuan, teknologi, dan seni;Memperkuat bidang ekonomi;Meperkuat bidang politik;Memperkuat diri sendiri;1
98;Bagaimana peran siswa dalam mewujudkan wawasan nusantara dengan perkembangan globalisasi….;Mengedapankan kepentingan nasional;Mengedepankan kepentingan pribadi;Mengedepankan golongan;Mendamaikan orang yang bertengkar;1
99;Bagaimana sikap warga negara yang baik dalam mewujudkan wawasan nusantara dalam bidang hukum adalah….; Melanggar lalu lintas;Mengkonsumsi narkoba ;Mentaati dan menghormati hukum;Menghargai orang tua;3
100;Partisipasi setiap siswa di sekolah dalam bentuk kecintaan terhadap wawasan nusantara melalui….; Belajar dengan sungguh-sungguh;Malas-malasan;Bolos sekolah;Menyontek pekerjaan teman;1
